user_id,user_name,,,,,,,
1,Nimesh,,,,,,,
2,Nimesh,,,,,,,
3,Nimesh,,,,,,,
4,Nimesh,,,,,,,
5,Nimesh,,,,,,,
6,Nimesh,,,,,,,
7,Nimesh,,,,,,,
8,Nimesh,,,,,,,
9,Nimesh,,,,,,,
10,Nimesh,,,,,,,
11,Nimesh,,,,,,,
12,Nimesh,,,,,,,
13,Nimesh,,,,,,,
14,Nimesh,,,,,,,
15,Nimesh,,,,,,,
16,Nimesh,,,,,,,
17,Nimesh,,,,,,,
18,Nimesh,,,,,,,
19,Nimesh,,,,,,,
20,Nimesh,,,,,,,
21,Nimesh,,,,,,,
22,Nimesh,,,,,,,
23,Nimesh,,,,,,,
24,Nimesh,,,,,,,
25,Nimesh,,,,,,,
26,Nimesh,,,,,,,
27,Nimesh,,,,,,,
28,Nimesh,,,,,,,
29,Nimesh,,,,,,,
30,Nimesh,,,,,,,
31,Nimesh,,,,,,,
32,Nimesh,,,,,,,
33,Nimesh,,,,,,,
34,Nimesh,,,,,,,
35,Nimesh,,,,,,,
36,Nimesh,,,,,,,
37,Nimesh,,,,,,,
38,Nimesh,,,,,,,
39,Nimesh,,,,,,,
40,Nimesh,,,,,,,
41,Nimesh,,,,,,,
42,Nimesh,,,,,,,
43,Nimesh,,,,,,,
44,Nimesh,,,,,,,
45,Nimesh,,,,,,,
46,Nimesh,,,,,,,
47,Nimesh,,,,,,,
48,Nimesh,,,,,,,
49,Nimesh,,,,,,,
50,Nimesh,,,,,,,
51,Nimesh,,,,,,,
52,Nimesh,,,,,,,
53,Nimesh,,,,,,,
54,Nimesh,,,,,,,
55,Nimesh,,,,,,,
56,Nimesh,,,,,,,
57,Nimesh,,,,,,,
58,Nimesh,,,,,,,
59,Nimesh,,,,,,,
60,Nimesh,,,,,,,
61,Nimesh,,,,,,,
62,Nimesh,,,,,,,
63,Nimesh,,,,,,,
64,Nimesh,,,,,,,
65,Nimesh,,,,,,,
66,Nimesh,,,,,,,
67,Nimesh,,,,,,,
68,Nimesh,,,,,,,
69,Nimesh,,,,,,,
70,Nimesh,,,,,,,
71,Nimesh,,,,,,,
72,Nimesh,,,,,,,
73,Nimesh,,,,,,,
74,Nimesh,,,,,,,
75,Nimesh,,,,,,,
76,Nimesh,,,,,,,
77,Nimesh,,,,,,,
78,Nimesh,,,,,,,
79,Nimesh,,,,,,,
80,Nimesh,,,,,,,
81,Nimesh,,,,,,,
82,Nimesh,,,,,,,
83,Nimesh,,,,,,,
84,Nimesh,,,,,,,
85,Nimesh,,,,,,,
86,Nimesh,,,,,,,
87,Nimesh,,,,,,,
88,Nimesh,,,,,,,
89,Nimesh,,,,,,,
90,Nimesh,,,,,,,
91,Nimesh,,,,,,,
92,Nimesh,,,,,,,
93,Nimesh,,,,,,,
94,Nimesh,,,,,,,
95,Nimesh,,,,,,,
96,Nimesh,,,,,,,
97,Nimesh,,,,,,,
98,Nimesh,,,,,,,
99,Nimesh,,,,,,,
100,Nimesh,,,,,,,
101,Nimesh,,,,,,,
102,Nimesh,,,,,,,
103,Nimesh,,,,,,,
104,Nimesh,,,,,,,
105,Nimesh,,,,,,,
106,Nimesh,,,,,,,
107,Nimesh,,,,,,,
108,Nimesh,,,,,,,
109,Nimesh,,,,,,,
110,Nimesh,,,,,,,
111,Nimesh,,,,,,,
112,Nimesh,,,,,,,
113,Nimesh,,,,,,,
114,Nimesh,,,,,,,
115,Nimesh,,,,,,,
116,Nimesh,,,,,,,
117,Nimesh,,,,,,,
118,Nimesh,,,,,,,
119,Nimesh,,,,,,,
120,Nimesh,,,,,,,
121,Nimesh,,,,,,,
122,Nimesh,,,,,,,
123,Nimesh,,,,,,,
124,Nimesh,,,,,,,
125,Nimesh,,,,,,,
126,Nimesh,,,,,,,
127,Nimesh,,,,,,,
128,Nimesh,,,,,,,
129,Nimesh,,,,,,,
130,Nimesh,,,,,,,
131,Nimesh,,,,,,,
132,Nimesh,,,,,,,
133,Nimesh,,,,,,,
134,Nimesh,,,,,,,
135,Nimesh,,,,,,,
136,Nimesh,,,,,,,
137,Nimesh,,,,,,,
138,Nimesh,,,,,,,
139,Nimesh,,,,,,,
140,Nimesh,,,,,,,
141,Nimesh,,,,,,,
142,Nimesh,,,,,,,
143,Nimesh,,,,,,,
144,Nimesh,,,,,,,
145,Nimesh,,,,,,,
146,Nimesh,,,,,,,
147,Nimesh,,,,,,,
148,Nimesh,,,,,,,
149,Nimesh,,,,,,,
150,Nimesh,,,,,,,
151,Nimesh,,,,,,,
152,Nimesh,,,,,,,
153,Nimesh,,,,,,,
154,Nimesh,,,,,,,
155,Nimesh,,,,,,,
156,Nimesh,,,,,,,
157,Nimesh,,,,,,,
158,Nimesh,,,,,,,
159,Nimesh,,,,,,,
160,Nimesh,,,,,,,
161,Nimesh,,,,,,,
162,Nimesh,,,,,,,
163,Nimesh,,,,,,,
164,Nimesh,,,,,,,
165,Nimesh,,,,,,,
166,Nimesh,,,,,,,
167,Nimesh,,,,,,,
168,Nimesh,,,,,,,
169,Nimesh,,,,,,,
170,Nimesh,,,,,,,
171,Nimesh,,,,,,,
172,Nimesh,,,,,,,
173,Nimesh,,,,,,,
174,Nimesh,,,,,,,
175,Nimesh,,,,,,,
176,Nimesh,,,,,,,
177,Nimesh,,,,,,,
178,Nimesh,,,,,,,
179,Nimesh,,,,,,,
180,Nimesh,,,,,,,
181,Nimesh,,,,,,,
182,Nimesh,,,,,,,
183,Nimesh,,,,,,,
184,Nimesh,,,,,,,
185,Nimesh,,,,,,,
186,Nimesh,,,,,,,
187,Nimesh,,,,,,,
188,Nimesh,,,,,,,
189,Nimesh,,,,,,,
190,Nimesh,,,,,,,
191,Nimesh,,,,,,,
192,Nimesh,,,,,,,
193,Nimesh,,,,,,,
194,Nimesh,,,,,,,
195,Nimesh,,,,,,,
196,Nimesh,,,,,,,
197,Nimesh,,,,,,,
198,Nimesh,,,,,,,
199,Nimesh,,,,,,,
200,Nimesh,,,,,,,
201,Nimesh,,,,,,,
202,Nimesh,,,,,,,
203,Nimesh,,,,,,,
204,Nimesh,,,,,,,
205,Nimesh,,,,,,,
206,Nimesh,,,,,,,
207,Nimesh,,,,,,,
208,Nimesh,,,,,,,
209,Nimesh,,,,,,,
210,Nimesh,,,,,,,
211,Nimesh,,,,,,,
212,Nimesh,,,,,,,
213,Nimesh,,,,,,,
214,Nimesh,,,,,,,
215,Nimesh,,,,,,,
216,Nimesh,,,,,,,
217,Nimesh,,,,,,,
218,Nimesh,,,,,,,
219,Nimesh,,,,,,,
220,Nimesh,,,,,,,
221,Nimesh,,,,,,,
222,Nimesh,,,,,,,
223,Nimesh,,,,,,,
224,Nimesh,,,,,,,
225,Nimesh,,,,,,,
226,Nimesh,,,,,,,
227,Nimesh,,,,,,,
228,Nimesh,,,,,,,
229,Nimesh,,,,,,,
230,Nimesh,,,,,,,
231,Nimesh,,,,,,,
232,Nimesh,,,,,,,
233,Nimesh,,,,,,,
234,Nimesh,,,,,,,
235,Nimesh,,,,,,,
236,Nimesh,,,,,,,
237,Nimesh,,,,,,,
238,Nimesh,,,,,,,
239,Nimesh,,,,,,,
240,Nimesh,,,,,,,
241,Nimesh,,,,,,,
242,Nimesh,,,,,,,
243,Nimesh,,,,,,,
244,Nimesh,,,,,,,
245,Nimesh,,,,,,,
246,Nimesh,,,,,,,
247,Nimesh,,,,,,,
248,Nimesh,,,,,,,
249,Nimesh,,,,,,,
250,Nimesh,,,,,,,
251,Nimesh,,,,,,,
252,Nimesh,,,,,,,
253,Nimesh,,,,,,,
254,Nimesh,,,,,,,
255,Nimesh,,,,,,,
256,Nimesh,,,,,,,
257,Nimesh,,,,,,,
258,Nimesh,,,,,,,
259,Nimesh,,,,,,,
260,Nimesh,,,,,,,
261,Nimesh,,,,,,,
262,Nimesh,,,,,,,
263,Nimesh,,,,,,,
264,Nimesh,,,,,,,
265,Nimesh,,,,,,,
266,Nimesh,,,,,,,
267,Nimesh,,,,,,,
268,Nimesh,,,,,,,
269,Nimesh,,,,,,,
270,Nimesh,,,,,,,
271,Nimesh,,,,,,,
272,Nimesh,,,,,,,
273,Nimesh,,,,,,,
274,Nimesh,,,,,,,
275,Nimesh,,,,,,,
276,Nimesh,,,,,,,
277,Nimesh,,,,,,,
278,Nimesh,,,,,,,
279,Nimesh,,,,,,,
280,Nimesh,,,,,,,
281,Nimesh,,,,,,,
282,Nimesh,,,,,,,
283,Nimesh,,,,,,,
284,Nimesh,,,,,,,
285,Nimesh,,,,,,,
286,Nimesh,,,,,,,
287,Nimesh,,,,,,,
288,Nimesh,,,,,,,
289,Nimesh,,,,,,,
290,Nimesh,,,,,,,
291,Nimesh,,,,,,,
292,Nimesh,,,,,,,
293,Nimesh,,,,,,,
294,Nimesh,,,,,,,
295,Nimesh,,,,,,,
296,Nimesh,,,,,,,
297,Nimesh,,,,,,,
298,Nimesh,,,,,,,
299,Nimesh,,,,,,,
300,Nimesh,,,,,,,
301,Nimesh,,,,,,,
302,Nimesh,,,,,,,
303,Nimesh,,,,,,,
304,Nimesh,,,,,,,
305,Nimesh,,,,,,,
306,Nimesh,,,,,,,
307,Nimesh,,,,,,,
308,Nimesh,,,,,,,
309,Nimesh,,,,,,,
310,Nimesh,,,,,,,
311,Nimesh,,,,,,,
312,Nimesh,,,,,,,
313,Nimesh,,,,,,,
314,Nimesh,,,,,,,
315,Nimesh,,,,,,,
316,Nimesh,,,,,,,
317,Nimesh,,,,,,,
318,Nimesh,,,,,,,
319,Nimesh,,,,,,,
320,Nimesh,,,,,,,
321,Nimesh,,,,,,,
322,Nimesh,,,,,,,
323,Nimesh,,,,,,,
324,Nimesh,,,,,,,
325,Nimesh,,,,,,,
326,Nimesh,,,,,,,
327,Nimesh,,,,,,,
328,Nimesh,,,,,,,
329,Nimesh,,,,,,,
330,Nimesh,,,,,,,
331,Nimesh,,,,,,,
332,Nimesh,,,,,,,
333,Nimesh,,,,,,,
334,Nimesh,,,,,,,
335,Nimesh,,,,,,,
336,Nimesh,,,,,,,
337,Nimesh,,,,,,,
338,Nimesh,,,,,,,
339,Nimesh,,,,,,,
340,Nimesh,,,,,,,
341,Nimesh,,,,,,,
342,Nimesh,,,,,,,
343,Nimesh,,,,,,,
344,Nimesh,,,,,,,
345,Nimesh,,,,,,,
346,Nimesh,,,,,,,
347,Nimesh,,,,,,,
348,Nimesh,,,,,,,
349,Nimesh,,,,,,,
350,Nimesh,,,,,,,
351,Nimesh,,,,,,,
352,Nimesh,,,,,,,
353,Nimesh,,,,,,,
354,Nimesh,,,,,,,
355,Nimesh,,,,,,,
356,Nimesh,,,,,,,
357,Nimesh,,,,,,,
358,Nimesh,,,,,,,
359,Nimesh,,,,,,,
360,Nimesh,,,,,,,
361,Nimesh,,,,,,,
362,Nimesh,,,,,,,
363,Nimesh,,,,,,,
364,Nimesh,,,,,,,
365,Nimesh,,,,,,,
366,Nimesh,,,,,,,
367,Nimesh,,,,,,,
368,Nimesh,,,,,,,
369,Nimesh,,,,,,,
370,Nimesh,,,,,,,
371,Nimesh,,,,,,,
372,Nimesh,,,,,,,
373,Nimesh,,,,,,,
374,Nimesh,,,,,,,
375,Nimesh,,,,,,,
376,Nimesh,,,,,,,
377,Nimesh,,,,,,,
378,Nimesh,,,,,,,
379,Nimesh,,,,,,,
380,Nimesh,,,,,,,
381,Nimesh,,,,,,,
382,Nimesh,,,,,,,
383,Nimesh,,,,,,,
384,Nimesh,,,,,,,
385,Nimesh,,,,,,,
386,Nimesh,,,,,,,
387,Nimesh,,,,,,,
388,Nimesh,,,,,,,
389,Nimesh,,,,,,,
390,Nimesh,,,,,,,
391,Nimesh,,,,,,,
392,Nimesh,,,,,,,
393,Nimesh,,,,,,,
394,Nimesh,,,,,,,
395,Nimesh,,,,,,,
396,Nimesh,,,,,,,
397,Nimesh,,,,,,,
398,Nimesh,,,,,,,
399,Nimesh,,,,,,,
400,Nimesh,,,,,,,
401,Nimesh,,,,,,,
402,Nimesh,,,,,,,
403,Nimesh,,,,,,,
404,Nimesh,,,,,,,
405,Nimesh,,,,,,,
406,Nimesh,,,,,,,
407,Nimesh,,,,,,,
408,Nimesh,,,,,,,
409,Nimesh,,,,,,,
410,Nimesh,,,,,,,
411,Nimesh,,,,,,,
412,Nimesh,,,,,,,
413,Nimesh,,,,,,,
414,Nimesh,,,,,,,
415,Nimesh,,,,,,,
416,Nimesh,,,,,,,
417,Nimesh,,,,,,,
418,Nimesh,,,,,,,
419,Nimesh,,,,,,,
420,Nimesh,,,,,,,
421,Nimesh,,,,,,,
422,Nimesh,,,,,,,
423,Nimesh,,,,,,,
424,Nimesh,,,,,,,
425,Nimesh,,,,,,,
426,Nimesh,,,,,,,
427,Nimesh,,,,,,,
428,Nimesh,,,,,,,
429,Nimesh,,,,,,,
430,Nimesh,,,,,,,
431,Nimesh,,,,,,,
432,Nimesh,,,,,,,
433,Nimesh,,,,,,,
434,Nimesh,,,,,,,
435,Nimesh,,,,,,,
436,Nimesh,,,,,,,
437,Nimesh,,,,,,,
438,Nimesh,,,,,,,
439,Nimesh,,,,,,,
440,Nimesh,,,,,,,
441,Nimesh,,,,,,,
442,Nimesh,,,,,,,
443,Nimesh,,,,,,,
444,Nimesh,,,,,,,
445,Nimesh,,,,,,,
446,Nimesh,,,,,,,
447,Nimesh,,,,,,,
448,Nimesh,,,,,,,
449,Nimesh,,,,,,,
450,Nimesh,,,,,,,
451,Nimesh,,,,,,,
452,Nimesh,,,,,,,
453,Nimesh,,,,,,,
454,Nimesh,,,,,,,
455,Nimesh,,,,,,,
456,Nimesh,,,,,,,
457,Nimesh,,,,,,,
458,Nimesh,,,,,,,
459,Nimesh,,,,,,,
460,Nimesh,,,,,,,
461,Nimesh,,,,,,,
462,Nimesh,,,,,,,
463,Nimesh,,,,,,,
464,Nimesh,,,,,,,
465,Nimesh,,,,,,,
466,Nimesh,,,,,,,
467,Nimesh,,,,,,,
468,Nimesh,,,,,,,
469,Nimesh,,,,,,,
470,Nimesh,,,,,,,
471,Nimesh,,,,,,,
472,Nimesh,,,,,,,
473,Nimesh,,,,,,,
474,Nimesh,,,,,,,
475,Nimesh,,,,,,,
476,Nimesh,,,,,,,
477,Nimesh,,,,,,,
478,Nimesh,,,,,,,
479,Nimesh,,,,,,,
480,Nimesh,,,,,,,
481,Nimesh,,,,,,,
482,Nimesh,,,,,,,
483,Nimesh,,,,,,,
484,Nimesh,,,,,,,
485,Nimesh,,,,,,,
486,Nimesh,,,,,,,
487,Nimesh,,,,,,,
488,Nimesh,,,,,,,
489,Nimesh,,,,,,,
490,Nimesh,,,,,,,
491,Nimesh,,,,,,,
492,Nimesh,,,,,,,
493,Nimesh,,,,,,,
494,Nimesh,,,,,,,
495,Nimesh,,,,,,,
496,Nimesh,,,,,,,
497,Nimesh,,,,,,,
498,Nimesh,,,,,,,
499,Nimesh,,,,,,,
500,Nimesh,,,,,,,
501,Nimesh,,,,,,,
502,Nimesh,,,,,,,
503,Nimesh,,,,,,,
504,Nimesh,,,,,,,
505,Nimesh,,,,,,,
506,Nimesh,,,,,,,
507,Nimesh,,,,,,,
508,Nimesh,,,,,,,
509,Nimesh,,,,,,,
510,Nimesh,,,,,,,
511,Nimesh,,,,,,,
512,Nimesh,,,,,,,
513,Nimesh,,,,,,,
514,Nimesh,,,,,,,
515,Nimesh,,,,,,,
516,Nimesh,,,,,,,
517,Nimesh,,,,,,,
518,Nimesh,,,,,,,
519,Nimesh,,,,,,,
520,Nimesh,,,,,,,
521,Nimesh,,,,,,,
522,Nimesh,,,,,,,
523,Nimesh,,,,,,,
524,Nimesh,,,,,,,
525,Nimesh,,,,,,,
526,Nimesh,,,,,,,
527,Nimesh,,,,,,,
528,Nimesh,,,,,,,
529,Nimesh,,,,,,,
530,Nimesh,,,,,,,
531,Nimesh,,,,,,,
532,Nimesh,,,,,,,
533,Nimesh,,,,,,,
534,Nimesh,,,,,,,
535,Nimesh,,,,,,,
536,Nimesh,,,,,,,
537,Nimesh,,,,,,,
538,Nimesh,,,,,,,
539,Nimesh,,,,,,,
540,Nimesh,,,,,,,
541,Nimesh,,,,,,,
542,Nimesh,,,,,,,
543,Nimesh,,,,,,,
544,Nimesh,,,,,,,
545,Nimesh,,,,,,,
546,Nimesh,,,,,,,
547,Nimesh,,,,,,,
548,Nimesh,,,,,,,
549,Nimesh,,,,,,,
550,Nimesh,,,,,,,
551,Nimesh,,,,,,,
552,Nimesh,,,,,,,
553,Nimesh,,,,,,,
554,Nimesh,,,,,,,
555,Nimesh,,,,,,,
556,Nimesh,,,,,,,
557,Nimesh,,,,,,,
558,Nimesh,,,,,,,
559,Nimesh,,,,,,,
560,Nimesh,,,,,,,
561,Nimesh,,,,,,,
562,Nimesh,,,,,,,
563,Nimesh,,,,,,,
564,Nimesh,,,,,,,
565,Nimesh,,,,,,,
566,Nimesh,,,,,,,
567,Nimesh,,,,,,,
568,Nimesh,,,,,,,
569,Nimesh,,,,,,,
570,Nimesh,,,,,,,
571,Nimesh,,,,,,,
572,Nimesh,,,,,,,
573,Nimesh,,,,,,,
574,Nimesh,,,,,,,
575,Nimesh,,,,,,,
576,Nimesh,,,,,,,
577,Nimesh,,,,,,,
578,Nimesh,,,,,,,
579,Nimesh,,,,,,,
580,Nimesh,,,,,,,
581,Nimesh,,,,,,,
582,Nimesh,,,,,,,
583,Nimesh,,,,,,,
584,Nimesh,,,,,,,
585,Nimesh,,,,,,,
586,Nimesh,,,,,,,
587,Nimesh,,,,,,,
588,Nimesh,,,,,,,
589,Nimesh,,,,,,,
590,Nimesh,,,,,,,
591,Nimesh,,,,,,,
592,Nimesh,,,,,,,
593,Nimesh,,,,,,,
594,Nimesh,,,,,,,
595,Nimesh,,,,,,,
596,Nimesh,,,,,,,
597,Nimesh,,,,,,,
598,Nimesh,,,,,,,
599,Nimesh,,,,,,,
600,Nimesh,,,,,,,
601,Nimesh,,,,,,,
602,Nimesh,,,,,,,
603,Nimesh,,,,,,,
604,Nimesh,,,,,,,
605,Nimesh,,,,,,,
606,Nimesh,,,,,,,
607,Nimesh,,,,,,,
608,Nimesh,,,,,,,
609,Nimesh,,,,,,,
610,Nimesh,,,,,,,
611,Nimesh,,,,,,,
612,Nimesh,,,,,,,
613,Nimesh,,,,,,,
614,Nimesh,,,,,,,
615,Nimesh,,,,,,,
616,Nimesh,,,,,,,
617,Nimesh,,,,,,,
618,Nimesh,,,,,,,
619,Nimesh,,,,,,,
620,Nimesh,,,,,,,
621,Nimesh,,,,,,,
622,Nimesh,,,,,,,
623,Nimesh,,,,,,,
624,Nimesh,,,,,,,
625,Nimesh,,,,,,,
626,Nimesh,,,,,,,
627,Nimesh,,,,,,,
628,Nimesh,,,,,,,
629,Nimesh,,,,,,,
630,Nimesh,,,,,,,
631,Nimesh,,,,,,,
632,Nimesh,,,,,,,
633,Nimesh,,,,,,,
634,Nimesh,,,,,,,
635,Nimesh,,,,,,,
636,Nimesh,,,,,,,
637,Nimesh,,,,,,,
638,Nimesh,,,,,,,
639,Nimesh,,,,,,,
640,Nimesh,,,,,,,
641,Nimesh,,,,,,,
642,Nimesh,,,,,,,
643,Nimesh,,,,,,,
644,Nimesh,,,,,,,
645,Nimesh,,,,,,,
646,Nimesh,,,,,,,
647,Nimesh,,,,,,,
648,Nimesh,,,,,,,
649,Nimesh,,,,,,,
650,Nimesh,,,,,,,
651,Nimesh,,,,,,,
652,Nimesh,,,,,,,
653,Nimesh,,,,,,,
654,Nimesh,,,,,,,
655,Nimesh,,,,,,,
656,Nimesh,,,,,,,
657,Nimesh,,,,,,,
658,Nimesh,,,,,,,
659,Nimesh,,,,,,,
660,Nimesh,,,,,,,
661,Nimesh,,,,,,,
662,Nimesh,,,,,,,
663,Nimesh,,,,,,,
664,Nimesh,,,,,,,
665,Nimesh,,,,,,,
666,Nimesh,,,,,,,
667,Nimesh,,,,,,,
668,Nimesh,,,,,,,
669,Nimesh,,,,,,,
670,Nimesh,,,,,,,
671,Nimesh,,,,,,,
672,Nimesh,,,,,,,
673,Nimesh,,,,,,,
674,Nimesh,,,,,,,
675,Nimesh,,,,,,,
676,Nimesh,,,,,,,
677,Nimesh,,,,,,,
678,Nimesh,,,,,,,
679,Nimesh,,,,,,,
680,Nimesh,,,,,,,
681,Nimesh,,,,,,,
682,Nimesh,,,,,,,
683,Nimesh,,,,,,,
684,Nimesh,,,,,,,
685,Nimesh,,,,,,,
686,Nimesh,,,,,,,
687,Nimesh,,,,,,,
688,Nimesh,,,,,,,
689,Nimesh,,,,,,,
690,Nimesh,,,,,,,
691,Nimesh,,,,,,,
692,Nimesh,,,,,,,
693,Nimesh,,,,,,,
694,Nimesh,,,,,,,
695,Nimesh,,,,,,,
696,Nimesh,,,,,,,
697,Nimesh,,,,,,,
698,Nimesh,,,,,,,
699,Nimesh,,,,,,,
700,Nimesh,,,,,,,
701,Nimesh,,,,,,,
702,Nimesh,,,,,,,
703,Nimesh,,,,,,,
704,Nimesh,,,,,,,
705,Nimesh,,,,,,,
706,Nimesh,,,,,,,
707,Nimesh,,,,,,,
708,Nimesh,,,,,,,
709,Nimesh,,,,,,,
710,Nimesh,,,,,,,
711,Nimesh,,,,,,,
712,Nimesh,,,,,,,
713,Nimesh,,,,,,,
714,Nimesh,,,,,,,
715,Nimesh,,,,,,,
716,Nimesh,,,,,,,
717,Nimesh,,,,,,,
718,Nimesh,,,,,,,
719,Nimesh,,,,,,,
720,Nimesh,,,,,,,
721,Nimesh,,,,,,,
722,Nimesh,,,,,,,
723,Nimesh,,,,,,,
724,Nimesh,,,,,,,
725,Nimesh,,,,,,,
726,Nimesh,,,,,,,
727,Nimesh,,,,,,,
728,Nimesh,,,,,,,
729,Nimesh,,,,,,,
730,Nimesh,,,,,,,
731,Nimesh,,,,,,,
732,Nimesh,,,,,,,
733,Nimesh,,,,,,,
734,Nimesh,,,,,,,
735,Nimesh,,,,,,,
736,Nimesh,,,,,,,
737,Nimesh,,,,,,,
738,Nimesh,,,,,,,
739,Nimesh,,,,,,,
740,Nimesh,,,,,,,
741,Nimesh,,,,,,,
742,Nimesh,,,,,,,
743,Nimesh,,,,,,,
744,Nimesh,,,,,,,
745,Nimesh,,,,,,,
746,Nimesh,,,,,,,
747,Nimesh,,,,,,,
748,Nimesh,,,,,,,
749,Nimesh,,,,,,,
750,Nimesh,,,,,,,
751,Nimesh,,,,,,,
752,Nimesh,,,,,,,
753,Nimesh,,,,,,,
754,Nimesh,,,,,,,
755,Nimesh,,,,,,,
756,Nimesh,,,,,,,
757,Nimesh,,,,,,,
758,Nimesh,,,,,,,
759,Nimesh,,,,,,,
760,Nimesh,,,,,,,
761,Nimesh,,,,,,,
762,Nimesh,,,,,,,
763,Nimesh,,,,,,,
764,Nimesh,,,,,,,
765,Nimesh,,,,,,,
766,Nimesh,,,,,,,
767,Nimesh,,,,,,,
768,Nimesh,,,,,,,
769,Nimesh,,,,,,,
770,Nimesh,,,,,,,
771,Nimesh,,,,,,,
772,Nimesh,,,,,,,
773,Nimesh,,,,,,,
774,Nimesh,,,,,,,
775,Nimesh,,,,,,,
776,Nimesh,,,,,,,
777,Nimesh,,,,,,,
778,Nimesh,,,,,,,
779,Nimesh,,,,,,,
780,Nimesh,,,,,,,
781,Nimesh,,,,,,,
782,Nimesh,,,,,,,
783,Nimesh,,,,,,,
784,Nimesh,,,,,,,
785,Nimesh,,,,,,,
786,Nimesh,,,,,,,
787,Nimesh,,,,,,,
788,Nimesh,,,,,,,
789,Nimesh,,,,,,,
790,Nimesh,,,,,,,
791,Nimesh,,,,,,,
792,Nimesh,,,,,,,
793,Nimesh,,,,,,,
794,Nimesh,,,,,,,
795,Nimesh,,,,,,,
796,Nimesh,,,,,,,
797,Nimesh,,,,,,,
798,Nimesh,,,,,,,
799,Nimesh,,,,,,,
800,Nimesh,,,,,,,
801,Nimesh,,,,,,,
802,Nimesh,,,,,,,
803,Nimesh,,,,,,,
804,Nimesh,,,,,,,
805,Nimesh,,,,,,,
806,Nimesh,,,,,,,
807,Nimesh,,,,,,,
808,Nimesh,,,,,,,
809,Nimesh,,,,,,,
810,Nimesh,,,,,,,
811,Nimesh,,,,,,,
812,Nimesh,,,,,,,
813,Nimesh,,,,,,,
814,Nimesh,,,,,,,
815,Nimesh,,,,,,,
816,Nimesh,,,,,,,
817,Nimesh,,,,,,,
818,Nimesh,,,,,,,
819,Nimesh,,,,,,,
820,Nimesh,,,,,,,
821,Nimesh,,,,,,,
822,Nimesh,,,,,,,
823,Nimesh,,,,,,,
824,Nimesh,,,,,,,
825,Nimesh,,,,,,,
826,Nimesh,,,,,,,
827,Nimesh,,,,,,,
828,Nimesh,,,,,,,
829,Nimesh,,,,,,,
830,Nimesh,,,,,,,
831,Nimesh,,,,,,,
832,Nimesh,,,,,,,
833,Nimesh,,,,,,,
834,Nimesh,,,,,,,
835,Nimesh,,,,,,,
836,Nimesh,,,,,,,
837,Nimesh,,,,,,,
838,Nimesh,,,,,,,
839,Nimesh,,,,,,,
840,Nimesh,,,,,,,
841,Nimesh,,,,,,,
842,Nimesh,,,,,,,
843,Nimesh,,,,,,,
844,Nimesh,,,,,,,
845,Nimesh,,,,,,,
846,Nimesh,,,,,,,
847,Nimesh,,,,,,,
848,Nimesh,,,,,,,
849,Nimesh,,,,,,,
850,Nimesh,,,,,,,
851,Nimesh,,,,,,,
852,Nimesh,,,,,,,
853,Nimesh,,,,,,,
854,Nimesh,,,,,,,
855,Nimesh,,,,,,,
856,Nimesh,,,,,,,
857,Nimesh,,,,,,,
858,Nimesh,,,,,,,
859,Nimesh,,,,,,,
860,Nimesh,,,,,,,
861,Nimesh,,,,,,,
862,Nimesh,,,,,,,
863,Nimesh,,,,,,,
864,Nimesh,,,,,,,
865,Nimesh,,,,,,,
866,Nimesh,,,,,,,
867,Nimesh,,,,,,,
868,Nimesh,,,,,,,
869,Nimesh,,,,,,,
870,Nimesh,,,,,,,
871,Nimesh,,,,,,,
872,Nimesh,,,,,,,
873,Nimesh,,,,,,,
874,Nimesh,,,,,,,
875,Nimesh,,,,,,,
876,Nimesh,,,,,,,
877,Nimesh,,,,,,,
878,Nimesh,,,,,,,
879,Nimesh,,,,,,,
880,Nimesh,,,,,,,
881,Nimesh,,,,,,,
882,Nimesh,,,,,,,
883,Nimesh,,,,,,,
884,Nimesh,,,,,,,
885,Nimesh,,,,,,,
886,Nimesh,,,,,,,
887,Nimesh,,,,,,,
888,Nimesh,,,,,,,
889,Nimesh,,,,,,,
890,Nimesh,,,,,,,
891,Nimesh,,,,,,,
892,Nimesh,,,,,,,
893,Nimesh,,,,,,,
894,Nimesh,,,,,,,
895,Nimesh,,,,,,,
896,Nimesh,,,,,,,
897,Nimesh,,,,,,,
898,Nimesh,,,,,,,
899,Nimesh,,,,,,,
900,Nimesh,,,,,,,
901,Nimesh,,,,,,,
902,Nimesh,,,,,,,
903,Nimesh,,,,,,,
904,Nimesh,,,,,,,
905,Nimesh,,,,,,,
906,Nimesh,,,,,,,
907,Nimesh,,,,,,,
908,Nimesh,,,,,,,
909,Nimesh,,,,,,,
910,Nimesh,,,,,,,
911,Nimesh,,,,,,,
912,Nimesh,,,,,,,
913,Nimesh,,,,,,,
914,Nimesh,,,,,,,
915,Nimesh,,,,,,,
916,Nimesh,,,,,,,
917,Nimesh,,,,,,,
918,Nimesh,,,,,,,
919,Nimesh,,,,,,,
920,Nimesh,,,,,,,
921,Nimesh,,,,,,,
922,Nimesh,,,,,,,
923,Nimesh,,,,,,,
924,Nimesh,,,,,,,
925,Nimesh,,,,,,,
926,Nimesh,,,,,,,
927,Nimesh,,,,,,,
928,Nimesh,,,,,,,
929,Nimesh,,,,,,,
930,Nimesh,,,,,,,
931,Nimesh,,,,,,,
932,Nimesh,,,,,,,
933,Nimesh,,,,,,,
934,Nimesh,,,,,,,
935,Nimesh,,,,,,,
936,Nimesh,,,,,,,
937,Nimesh,,,,,,,
938,Nimesh,,,,,,,
939,Nimesh,,,,,,,
940,Nimesh,,,,,,,
941,Nimesh,,,,,,,
942,Nimesh,,,,,,,
943,Nimesh,,,,,,,
944,Nimesh,,,,,,,
945,Nimesh,,,,,,,
946,Nimesh,,,,,,,
947,Nimesh,,,,,,,
948,Nimesh,,,,,,,
949,Nimesh,,,,,,,
950,Nimesh,,,,,,,
951,Nimesh,,,,,,,
952,Nimesh,,,,,,,
953,Nimesh,,,,,,,
954,Nimesh,,,,,,,
955,Nimesh,,,,,,,
956,Nimesh,,,,,,,
957,Nimesh,,,,,,,
958,Nimesh,,,,,,,
959,Nimesh,,,,,,,
960,Nimesh,,,,,,,
961,Nimesh,,,,,,,
962,Nimesh,,,,,,,
963,Nimesh,,,,,,,
964,Nimesh,,,,,,,
965,Nimesh,,,,,,,
966,Nimesh,,,,,,,
967,Nimesh,,,,,,,
968,Nimesh,,,,,,,
969,Nimesh,,,,,,,
970,Nimesh,,,,,,,
971,Nimesh,,,,,,,
972,Nimesh,,,,,,,
973,Nimesh,,,,,,,
974,Nimesh,,,,,,,
975,Nimesh,,,,,,,
976,Nimesh,,,,,,,
977,Nimesh,,,,,,,
978,Nimesh,,,,,,,
979,Nimesh,,,,,,,
980,Nimesh,,,,,,,
981,Nimesh,,,,,,,
982,Nimesh,,,,,,,
983,Nimesh,,,,,,,
984,Nimesh,,,,,,,
985,Nimesh,,,,,,,
986,Nimesh,,,,,,,
987,Nimesh,,,,,,,
988,Nimesh,,,,,,,
989,Nimesh,,,,,,,
990,Nimesh,,,,,,,
991,Nimesh,,,,,,,
992,Nimesh,,,,,,,
993,Nimesh,,,,,,,
994,Nimesh,,,,,,,
995,Nimesh,,,,,,,
996,Nimesh,,,,,,,
997,Nimesh,,,,,,,
998,Nimesh,,,,,,,
999,Nimesh,,,,,,,
